STATE,COUNTY,2020,2021,2022
01,000,5031362,5049846,5074296
01,001,58902,59210,59759
01,003,233219,239361,246435
01,005,24960,24539,24706
01,007,22183,22370,22005
01,009,59102,59085,59512
01,011,10296,10280,10202
01,013,19031,18855,18650
01,015,116239,115677,115788
01,017,34645,34446,34088
01,019,24972,25026,25302
01,021,45051,45259,45884
01,023,12619,12549,12439
01,025,22981,22715,22515
01,027,14211,14190,14198
01,029,15063,15148,15346
01,031,53547,54171,54805
01,033,57299,57619,58033
01,035,11553,11320,11206
01,037,10341,10366,10166
01,039,37507,37542,37602
01,041,13165,13056,13025
01,043,88131,89618,90665
01,045,49253,49412,49544
01,047,38174,37565,36767
01,049,71648,71829,71998
01,051,87853,88737,89563
01,053,36680,36658,36666
01,055,103447,103139,103088
01,057,16330,16155,16118
01,059,32075,31996,31932
01,061,26696,26667,26783
01,063,7702,7592,7422
01,065,14768,14737,14595
01,067,17175,17434,17655
01,069,107286,107453,108079
01,071,52545,52694,52891
01,073,674675,669997,665409
01,075,13956,13740,13705
01,077,94025,94862,95878
01,079,33089,33123,33214
01,081,174742,177655,180773
01,083,104190,107381,110900
01,085,10273,9926,9777
01,087,19473,18906,18516
01,089,390502,396593,403565
01,091,19266,18961,18745
01,093,29166,29006,29156
01,095,97696,98316,99423
01,097,414353,413017,411411
01,099,19704,19557,19404
01,101,228322,226953,226361
01,103,123288,123403,124211
01,105,8458,8317,8035
01,107,18922,18615,18697
01,109,32906,32740,33014
01,111,22092,22199,22479
01,113,59259,58668,58555
01,115,91652,92903,93932
01,117,223881,227428,230115
01,119,12196,11961,11853
01,121,81428,80483,80704
01,123,41286,41132,40977
01,125,231534,235668,236780
01,127,65132,64629,64339
01,129,15327,15234,15122
01,131,10432,10331,10059
01,133,23488,23672,23755
02,000,732923,734182,733583
02,013,3425,3424,3398
02,016,5222,5155,5122
02,020,290866,288702,287145
02,050,18673,18599,18257
02,060,829,841,865
02,063,7077,6943,6874
02,066,2616,2611,2589
02,068,1614,1594,1585
02,070,4835,4774,4723
02,090,95328,95528,95356
02,100,2086,2074,2056
02,105,2362,2339,2287
02,110,32202,31965,31685
02,122,58927,59851,60690
02,130,13918,13810,13741
02,150,13047,12864,12720
02,158,8373,8398,8278
02,164,1452,1419,1381
02,170,107515,111059,113325
02,180,10028,9908,9835
02,185,11002,11011,10805
02,188,7790,7560,7423
02,195,3405,3373,3360
02,198,5739,5734,5650
02,220,8425,8410,8382
02,230,1240,1142,1081
02,240,6820,7005,7021
02,275,2127,2100,2070
02,282,684,709,700
02,290,5296,5280,5179
04,000,7179943,7264877,7359197
04,001,65911,65385,65432
04,003,125522,125763,125663
04,005,145180,142780,144060
04,007,53351,53521,53922
04,009,38638,38882,38779
04,011,9526,9377,9302
04,012,16575,16391,16506
04,013,4440232,4494693,4551524
04,015,214176,216957,220816
04,017,106762,107621,108650
04,019,1045175,1048895,1057597
04,021,429446,448144,464154
04,023,47705,48034,48759
04,025,237216,242193,246191
04,027,204528,206241,207842
05,000,3014195,3028122,3045637
05,001,17107,16683,16512
05,003,18962,18649,18354
05,005,41687,42171,42435
05,007,286586,294337,302863
05,009,37383,37890,38284
05,011,10488,10332,10135
05,013,4738,4737,4695
05,015,28242,28480,28742
05,017,10157,10071,9873
05,019,21387,21217,21250
05,021,14528,14370,14265
05,023,24696,25044,25284
05,025,7550,7490,7467
05,027,22742,22510,22216
05,029,20729,20911,21046
05,031,111603,111788,113017
05,033,60147,60423,61075
05,035,48086,47475,47061
05,037,16796,16693,16601
05,039,6442,6306,6191
05,041,11320,11050,10771
05,043,17314,17070,16911
05,045,123811,125645,127665
05,047,17135,17166,17271
05,049,12057,12156,12382
05,051,100249,100386,100089
05,053,18022,18149,18160
05,055,45864,46349,46448
05,057,19981,19679,19453
05,059,33075,33108,33203
05,061,12755,12676,12557
05,063,37936,37742,37945
05,065,13597,13928,14048
05,067,16755,16780,16624
05,069,66833,65649,64246
05,071,25722,25977,26001
05,073,6299,6155,6101
05,075,16212,16316,16205
05,077,8528,8559,8364
05,079,12889,13151,12916
05,081,11975,11954,11821
05,083,21103,21207,21253
05,085,74046,74766,75225
05,087,16546,16936,17486
05,089,16877,16970,17254
05,091,42579,42499,42552
05,093,40544,39577,38896
05,095,6774,6660,6564
05,097,8488,8638,8556
05,099,8285,8195,8181
05,101,7193,7164,7078
05,103,22614,22344,22049
05,105,10000,9989,10063
05,107,16443,15822,15304
05,109,10172,10121,10179
05,111,22952,22730,22495
05,113,19187,19331,19337
05,115,63403,63756,64065
05,117,8246,8094,8069
05,119,399246,398069,399145
05,121,18590,18842,18837
05,123,23013,22701,22451
05,125,123815,125319,127357
05,127,9828,9795,9805
05,129,7842,7880,7918
05,131,127800,128425,129059
05,133,15779,15709,15686
05,135,17319,17660,17810
05,137,12350,12432,12575
05,139,38926,38364,37752
05,141,15801,15751,16102
05,143,246756,251692,256054
05,145,76851,77157,77755
05,147,6228,6153,6049
05,149,20214,20152,20129
06,000,39501653,39142991,39029342
06,001,1680380,1643837,1628997
06,003,1204,1235,1190
06,005,40532,41144,41412
06,007,210135,206190,207303
06,009,45346,46219,46563
06,011,21858,21913,21914
06,013,1165986,1163298,1156966
06,015,27601,27553,27082
06,017,191220,193590,192646
06,019,1009503,1012992,1015190
06,021,28896,28664,28339
06,023,136261,134836,135010
06,025,179595,179215,178713
06,027,19001,18927,18718
06,029,905828,912351,916108
06,031,152790,152679,152981
06,033,68195,68584,68191
06,035,32317,31813,29904
06,037,9992236,9811842,9721138
06,039,156343,158910,160256
06,041,261282,259162,256018
06,043,17118,17107,17020
06,045,91361,91003,89783
06,047,281814,284458,290014
06,049,8663,8571,8511
06,051,13226,13261,12978
06,053,438390,437249,432858
06,055,137485,136206,134300
06,057,102249,103457,102293
06,059,3185516,3161005,3151184
06,061,405889,412789,417772
06,063,19749,19940,19351
06,065,2422847,2453178,2473902
06,067,1586465,1588106,1584169
06,069,64521,66675,67579
06,071,2183239,2192882,2193656
06,073,3296045,3274954,3276208
06,075,870393,811253,808437
06,077,780558,788140,793229
06,079,281879,279298,282013
06,081,762511,739060,729181
06,083,448244,437434,443837
06,085,1931026,1886595,1870945
06,087,270462,260495,264370
06,089,181984,181981,180930
06,091,3228,3295,3217
06,093,43991,44026,43660
06,095,452698,450350,448747
06,097,488281,484315,482650
06,099,553217,552851,551275
06,101,99464,99038,98503
06,103,65682,65380,65245
06,105,16089,16061,15781
06,107,473891,476946,477544
06,109,55374,55065,54531
06,111,843310,839358,832605
06,113,216291,213039,222115
06,115,81994,83216,84310
08,000,5784865,5811297,5839926
08,001,520479,523592,527575
08,003,16377,16563,16592
08,005,655207,656557,655808
08,007,13425,13798,14003
08,009,3482,3487,3432
08,011,5478,5337,5399
08,013,330922,327075,327468
08,014,74484,75375,76121
08,015,19477,19711,20223
08,017,1744,1716,1732
08,019,9393,9445,9355
08,021,7458,7578,7579
08,023,3501,3595,3603
08,025,5694,5731,5614
08,027,4719,5064,5335
08,029,31051,31383,31602
08,031,717556,711323,713252
08,033,2332,2370,2455
08,035,360303,369825,375988
08,037,55665,55773,55285
08,039,26207,27133,27799
08,041,732342,737228,740567
08,043,48878,49234,49621
08,045,61792,62195,62271
08,047,5824,5899,5891
08,049,15748,15870,15769
08,051,16945,17309,17267
08,053,788,773,775
08,055,6827,6922,7082
08,057,1378,1357,1302
08,059,583050,580926,576143
08,061,1452,1446,1424
08,063,7066,6936,6961
08,065,7404,7397,7327
08,067,55675,56187,56607
08,069,359899,362713,366778
08,071,14482,14318,14327
08,073,5665,5477,5510
08,075,21204,21122,20823
08,077,156005,157434,158636
08,079,871,929,931
08,081,13264,13155,13177
08,083,25883,26216,26468
08,085,42817,43230,43811
08,087,29072,28995,29239
08,089,18667,18536,18303
08,091,4881,5059,5100
08,093,17419,17758,17939
08,095,4531,4508,4449
08,097,17354,17350,16876
08,099,12010,11994,11854
08,101,168325,169332,169544
08,103,6524,6453,6569
08,105,11538,11388,11325
08,107,24829,25056,25007
08,109,6393,6505,6623
08,111,710,740,803
08,113,8054,8074,8003
08,115,2390,2331,2295
08,117,30994,30971,30565
08,119,24747,24939,24857
08,121,4808,4850,4812
08,123,331427,339811,350176
08,125,9979,9943,9899
09,000,3597362,3623355,3626205
09,110,973159,980757,981447
09,120,324932,327229,327286
09,130,173927,176095,176622
09,140,449896,452894,454083
09,150,95274,95708,96196
09,160,112269,112974,113234
09,170,569237,573562,573244
09,180,279522,280117,280403
09,190,619146,624019,623690
10,000,992114,1004807,1018396
10,001,182362,184371,186946
10,003,570873,572714,575494
10,005,238879,247722,255956
11,000,670868,668791,671803
11,001,670868,668791,671803
12,000,21589602,21828069,22244823
12,001,279742,281817,284030
12,003,28115,28673,27803
12,005,174506,179498,185134
12,007,28224,28050,27313
12,009,608713,617742,630693
12,011,1943266,1935729,1947026
12,013,13703,13514,13464
12,015,188013,194934,202661
12,017,154565,158113,162529
12,019,218933,222533,226589
12,021,377293,387241,397994
12,023,69737,69902,71908
12,027,34087,34340,35312
12,029,16690,16905,17124
12,031,997604,1002252,1016536
12,033,322551,323480,324878
12,035,116030,120904,126705
12,037,12463,12175,12498
12,039,43402,43554,43403
12,041,17883,18306,18992
12,043,12068,12268,12454
12,045,14264,14452,15314
12,047,13733,13082,13217
12,049,25331,25307,25645
12,051,39725,40212,41339
12,053,195627,200649,206896
12,055,101345,103295,105618
12,057,1466160,1484455,1513301
12,059,19569,19295,19651
12,061,160439,163814,167352
12,063,47079,47154,48211
12,065,14390,14476,15042
12,067,8214,7958,7786
12,069,386194,396242,410139
12,071,765504,790676,822453
12,073,293948,296081,297369
12,075,43059,44158,45260
12,077,7805,7308,7603
12,079,17866,18069,18198
12,081,401593,413474,429125
12,083,377459,385084,396415
12,085,158658,160249,162006
12,086,2695501,2670421,2673837
12,087,82852,82265,81708
12,089,91027,94393,97899
12,091,212071,213647,216482
12,093,39642,40044,40412
12,095,1431573,1427928,1452726
12,097,391118,404020,422545
12,099,1494173,1503223,1518477
12,101,566126,584927,608794
12,103,959465,959046,961739
12,105,730111,755179,787404
12,107,73376,74059,74731
12,109,277085,293175,306841
12,111,331428,344283,358704
12,113,188989,193783,198268
12,115,436207,448550,462286
12,117,471428,471009,478772
12,119,130298,134867,144970
12,121,43517,44092,45411
12,123,21739,20786,21283
12,125,15417,15825,15460
12,127,555764,565988,579192
12,129,33895,34274,35178
12,131,75937,79988,83304
12,133,25313,24877,25414
13,000,10729828,10788029,10912876
13,001,18366,18411,18428
13,003,8311,8358,8183
13,005,11108,11071,11191
13,007,2851,2827,2788
13,009,43794,43671,43635
13,011,18082,18538,19328
13,013,83975,86672,89299
13,015,109296,110901,112816
13,017,17168,17152,17069
13,019,18148,18128,18214
13,021,157025,155985,156197
13,023,12524,12255,12257
13,025,18043,18121,18183
13,027,16268,16285,16253
13,029,45035,46963,48225
13,031,79918,80637,83059
13,033,24633,24333,24388
13,035,25551,26114,26649
13,037,5573,5534,5469
13,039,54925,55754,57013
13,043,11022,11000,11000
13,045,119484,121592,124592
13,047,68006,68420,68826
13,049,12532,12813,12781
13,051,295064,295656,301107
13,053,9481,9044,8819
13,055,24922,24828,24936
13,057,268175,274839,281278
13,059,128550,129185,129875
13,061,2830,2859,2845
13,063,297623,297318,296564
13,065,6725,6698,6662
13,067,766374,766691,771952
13,069,43052,42997,43172
13,071,45900,45757,45762
13,073,156849,159636,162419
13,075,17234,17266,17404
13,077,146725,149925,152882
13,079,12103,12139,12140
13,081,20050,20024,19708
13,083,16235,16230,16081
13,085,27056,28475,30138
13,087,29324,29045,28982
13,089,764420,759231,762820
13,091,19874,19675,19802
13,093,11165,10881,10572
13,095,85153,82267,82966
13,097,144552,145628,147316
13,099,10799,10651,10574
13,101,3720,3708,3686
13,103,65158,66746,69041
13,105,19667,19554,19814
13,107,22887,22887,22929
13,109,10790,10711,10695
13,111,25434,25763,25737
13,113,119483,120681,122030
13,115,98575,98499,99443
13,117,252878,260721,267237
13,119,23468,23503,24128
13,121,1069370,1062531,1074634
13,123,31428,32090,32407
13,125,2894,2906,2939
13,127,84471,84705,85079
13,129,57716,58253,58954
13,131,26222,25879,26008
13,133,19021,19553,20139
13,135,958005,965145,975353
13,137,46138,46740,47475
13,139,203735,207393,212692
13,141,8708,8664,8387
13,143,30037,30579,31337
13,145,34896,35605,36276
13,147,25871,26340,26909
13,149,11448,11529,11725
13,151,241848,245023,248364
13,153,164343,167156,169631
13,155,9650,9375,9126
13,157,76717,80317,83936
13,159,14666,15259,15951
13,161,14799,14848,14889
13,163,15678,15494,15314
13,165,8666,8776,8689
13,167,9186,9034,9242
13,169,28397,28409,28472
13,171,18551,18684,19467
13,173,9926,10052,10171
13,175,49544,49527,49660
13,177,33215,33194,33642
13,179,65317,66844,68030
13,181,7701,7750,7841
13,183,16269,17089,18348
13,185,118415,118914,119739
13,187,33631,32890,34796
13,189,21603,21636,21713
13,191,10987,11051,11180
13,193,12021,11832,11765
13,195,30269,30883,31473
13,197,7530,7426,7449
13,199,20606,20715,20845
13,201,5988,5886,5807
13,205,21668,21266,21116
13,207,28055,28729,29427
13,209,8574,8654,8655
13,211,20198,20654,21031
13,213,40012,40032,40472
13,215,206998,205024,202616
13,217,112843,115318,117621
13,219,42013,43025,43588
13,221,14867,15142,15469
13,223,169570,173921,178421
13,225,28040,28245,28562
13,227,33339,33990,34826
13,229,19746,19975,20168
13,231,18936,19534,19990
13,233,42923,43332,43709
13,235,9873,9582,9984
13,237,22163,22643,22984
13,239,2228,2236,2249
13,241,16914,17088,17206
13,243,6368,6253,6116
13,245,206526,205358,206640
13,247,93644,93961,94984
13,249,4534,4476,4496
13,251,14078,14055,13977
13,253,9131,9142,9127
13,255,67455,67699,68919
13,257,26820,26765,26767
13,259,5304,4914,4648
13,261,29516,28978,28877
13,263,5726,5746,5747
13,265,1562,1560,1600
13,267,24316,24132,24064
13,269,7819,7754,7737
13,271,12465,12330,12354
13,273,9138,8904,8754
13,275,45785,45815,45561
13,277,41374,41123,41412
13,279,27081,26873,26837
13,281,12545,12867,12972
13,283,6396,6382,6365
13,285,69323,69479,70191
13,287,8983,8931,8842
13,289,8011,7899,7680
13,291,24798,25560,26388
13,293,27740,27673,28086
13,295,67742,68405,68915
13,297,97153,99808,103065
13,299,36225,35547,35614
13,301,5208,5214,5155
13,303,19948,19766,19738
13,305,30145,30246,30896
13,307,2352,2356,2328
13,309,7447,7748,7314
13,311,28108,28393,28806
13,313,102776,102688,103132
13,315,8792,8746,8761
13,317,9556,9516,9599
13,319,8824,8791,8681
13,321,20738,20557,20424
15,000,1451043,1447154,1440196
15,001,200712,203792,206315
15,003,1012305,1004673,995638
15,005,80,81,82
15,007,73186,73791,73810
15,009,164760,164817,164351
16,000,1849202,1904314,1939033
16,001,498260,512914,518907
16,003,4425,4632,4817
16,005,87270,88349,89517
16,007,6367,6559,6722
16,009,9576,9941,10370
16,011,48106,48898,49923
16,013,24342,24767,24866
16,015,7662,8121,8333
16,017,47402,49617,51414
16,019,124716,128045,129496
16,021,12137,12635,13345
16,023,2583,2650,2684
16,025,1083,1129,1153
16,027,232998,243774,251065
16,029,7012,7110,7190
16,031,24760,25249,25655
16,033,791,793,806
16,035,8752,8917,9015
16,037,4265,4434,4506
16,039,28669,28941,29403
16,041,14284,14676,15189
16,043,13414,13606,13978
16,045,19274,19832,20418
16,047,15643,15725,15715
16,049,16588,17053,17593
16,051,31077,32253,33428
16,053,24268,24745,25311
16,055,172790,180146,183578
16,057,39629,40397,40978
16,059,7958,8136,8240
16,061,3528,3709,3763
16,063,5129,5260,5329
16,065,52929,54114,54976
16,067,21666,21945,22194
16,069,42141,42509,43004
16,071,4562,4588,4712
16,073,11994,12348,12613
16,075,25583,26377,26956
16,077,7877,7959,8068
16,079,13195,13659,14012
16,081,11735,12294,12544
16,083,90361,92357,93696
16,085,11842,12264,12464
16,087,10559,10887,11087
17,000,12786580,12686469,12582032
17,001,65612,65146,64725
17,003,5173,5032,4858
17,005,16688,16633,16566
17,007,53334,53199,53154
17,009,6233,6443,6330
17,011,33172,32961,32828
17,013,4404,4385,4360
17,015,15667,15674,15529
17,017,12985,12798,12657
17,019,205629,206708,206542
17,021,33950,33721,33436
17,023,15423,15354,15229
17,025,13271,13154,13047
17,027,36913,36886,36909
17,029,46761,46809,46334
17,031,5261249,5177606,5109292
17,033,18648,18691,18536
17,035,10429,10343,10324
17,037,100253,100472,100232
17,039,15450,15379,15310
17,041,19758,19740,19755
17,043,931244,926448,920901
17,045,16796,16589,16433
17,047,6208,6086,6071
17,049,34695,34531,34325
17,051,21483,21447,21305
17,053,13517,13491,13249
17,055,37685,37498,37242
17,057,33488,33313,33021
17,059,4938,4907,4855
17,061,11936,11851,11651
17,063,52517,52929,53041
17,065,7997,7923,7984
17,067,17547,17388,17244
17,069,3641,3650,3597
17,071,6334,6304,6151
17,073,49172,48868,48419
17,075,26977,26761,26473
17,077,52906,52666,52617
17,079,9240,9204,9212
17,081,36998,36882,36400
17,083,21495,21370,21246
17,085,22057,21932,21758
17,087,13322,13471,13381
17,089,516141,516183,514182
17,091,107250,106652,106074
17,093,132348,134948,137254
17,095,49799,49347,48640
17,097,713251,712160,709150
17,099,109421,109139,108078
17,101,15258,15216,14914
17,103,34051,34166,33848
17,105,35779,35741,35521
17,107,27899,27970,27591
17,109,27097,26848,26861
17,111,309886,311592,311747
17,113,170954,171190,171141
17,115,103756,102649,101483
17,117,44845,44545,44245
17,119,265610,264898,263864
17,121,37639,37378,36914
17,123,11706,11686,11678
17,125,13057,12859,12748
17,127,14138,13966,13896
17,129,12271,12184,12121
17,131,15627,15568,15504
17,133,34952,34993,35033
17,135,28203,28154,28020
17,137,32838,32599,32209
17,139,14476,14509,14323
17,141,51694,51474,51351
17,143,181322,179764,178383
17,145,20882,21033,20588
17,147,16674,16781,16723
17,149,14641,14609,14484
17,151,3758,3770,3770
17,153,5160,5073,4991
17,155,5631,5596,5572
17,157,30086,30219,30068
17,159,15778,15685,15435
17,161,144359,142992,141527
17,163,256823,255022,252671
17,165,23688,23348,23087
17,167,196122,195422,194534
17,169,6871,6822,6746
17,171,4941,4855,4790
17,173,20924,20861,20761
17,175,5391,5296,5345
17,177,44493,44071,43627
17,179,131073,130563,129911
17,181,17182,16937,16767
17,183,74001,73263,72337
17,185,11315,11210,11087
17,187,16828,16595,16354
17,189,13731,13651,13643
17,191,16125,15967,15872
17,193,13807,13768,13614
17,195,55553,55342,54658
17,197,695844,697985,696757
17,199,67113,66943,66695
17,201,284928,283559,282188
17,203,38395,38210,38128
18,000,6788799,6813532,6833037
18,001,35852,35939,36068
18,003,386082,389112,391449
18,005,82216,82730,83540
18,007,8716,8714,8719
18,009,12111,12056,11919
18,011,71134,73006,74164
18,013,15482,15573,15570
18,015,20331,20502,20555
18,017,37791,37579,37540
18,019,121353,122847,124237
18,021,26419,26370,26379
18,023,33174,33025,32843
18,025,10525,10491,10536
18,027,33366,33381,33418
18,029,50754,50946,51138
18,031,26465,26322,26416
18,033,43297,43369,43731
18,035,111763,111981,112031
18,037,43643,43625,43632
18,039,206983,207066,206890
18,041,23362,23376,23349
18,043,80509,80606,80714
18,045,16483,16466,16574
18,047,22793,22857,23028
18,049,20469,20380,20327
18,051,33055,32954,32993
18,053,66475,66203,66022
18,055,30804,30826,31006
18,057,348966,357330,364921
18,059,80187,81855,83070
18,061,39662,39817,39851
18,063,175575,179555,182534
18,065,48903,49036,48915
18,067,83588,83642,83574
18,069,36646,36792,36834
18,071,46461,46285,46300
18,073,32892,33113,33281
18,075,20476,20309,20198
18,077,33100,33119,32946
18,079,27581,27507,27536
18,081,162224,164418,165782
18,083,36248,35964,35789
18,085,80155,80323,80826
18,087,40530,40538,40866
18,089,498932,499327,499689
18,091,112276,112486,111675
18,093,45012,45045,45222
18,095,130195,130979,131744
18,097,976631,971647,969466
18,099,46076,46175,46332
18,101,9803,9799,9803
18,103,35913,36032,35674
18,105,139571,140135,139745
18,107,37942,38061,38273
18,109,71848,72260,72236
18,111,13786,13793,13823
18,113,47453,47419,47367
18,115,5922,5992,6114
18,117,19848,19812,19623
18,119,21314,21432,21482
18,121,16155,16486,16369
18,123,19151,19317,19183
18,125,12247,12178,12168
18,127,173295,174517,174791
18,129,25173,25129,25063
18,131,12523,12370,12485
18,133,36679,37016,37301
18,135,24409,24437,24437
18,137,28968,29017,29087
18,139,16767,16699,16673
18,141,272672,272341,272234
18,143,24371,24437,24588
18,145,45058,45025,44991
18,147,19835,19875,19967
18,149,23380,23378,23258
18,151,34453,34666,34725
18,153,20819,20781,20670
18,155,9742,9849,10006
18,157,186369,187566,188717
18,159,15386,15393,15361
18,161,7081,7014,6952
18,163,180331,180267,179744
18,165,15409,15440,15451
18,167,106119,106084,106006
18,169,30936,30897,30828
18,171,8424,8459,8461
18,173,63996,64623,65185
18,175,28242,28151,28224
18,177,66513,66490,66273
18,179,28167,28177,28335
18,181,24668,24662,24598
18,183,34338,34492,34627
19,000,3190571,3197689,3200517
19,001,7494,7538,7494
19,003,3710,3642,3611
19,005,14068,13968,13960
19,007,12285,12266,12094
19,009,5681,5665,5598
19,011,25534,25719,25711
19,013,131034,130606,130274
19,015,26700,26776,26609
19,017,25003,25122,25259
19,019,20606,20697,20714
19,021,20809,20767,20600
19,023,14332,14362,14269
19,025,9882,9884,9725
19,027,20721,20752,20567
19,029,13118,13065,13104
19,031,18491,18444,18399
19,033,43023,42761,42409
19,035,11663,11532,11491
19,037,11990,11899,11716
19,039,9726,9756,9692
19,041,16335,16428,16475
19,043,17030,17047,17027
19,045,46432,46526,46344
19,047,16490,16243,16123
19,049,100473,104069,108016
19,051,9112,9146,9130
19,053,7605,7660,7683
19,055,17456,17531,17568
19,057,38816,38507,38293
19,059,17766,17852,18028
19,061,99291,98815,98677
19,063,9335,9318,9176
19,065,19445,19309,19294
19,067,15590,15449,15337
19,069,9997,9952,9916
19,071,6567,6575,6464
19,073,8752,8733,8741
19,075,12334,12371,12356
19,077,10613,10586,10647
19,079,15008,14883,14820
19,081,10757,10685,10685
19,083,16820,16719,16567
19,085,14564,14683,14658
19,087,20451,20390,20196
19,089,9492,9500,9533
19,091,9595,9637,9572
19,093,7019,6974,6888
19,095,16654,16574,16475
19,097,19452,19397,19324
19,099,37810,37874,37938
19,101,15693,15762,15698
19,103,153042,155016,156420
19,105,20653,20839,20848
19,107,10012,9924,9904
19,109,14794,14524,14475
19,111,33520,33208,32840
19,113,230411,229458,229033
19,115,10821,10747,10677
19,117,8620,8696,8689
19,119,11927,12061,12179
19,121,16628,16789,17036
19,123,22147,21944,21946
19,125,33408,33444,33642
19,127,40093,39899,39879
19,129,14399,14464,14553
19,131,10588,10563,10532
19,133,8746,8595,8486
19,135,7597,7595,7550
19,137,10330,10325,10205
19,139,43141,42688,42377
19,141,14154,14062,14060
19,143,6202,6163,6036
19,145,15196,15215,15143
19,147,8989,8909,8764
19,149,25689,25714,25681
19,151,7067,7057,7053
19,153,492997,497675,501089
19,155,93670,93434,93173
19,157,18628,18603,18467
19,159,4642,4626,4670
19,161,9794,9745,9673
19,163,174596,174278,173924
19,165,11723,11773,11645
19,167,35887,35991,36050
19,169,98645,99666,99673
19,171,17077,16874,16903
19,173,5865,5873,5858
19,175,12132,12036,11887
19,177,7217,7261,7256
19,179,35330,35283,35043
19,181,52588,53487,54327
19,183,22540,22494,22571
19,185,6504,6511,6467
19,187,36985,37178,36626
19,189,10662,10664,10617
19,191,20037,19915,19974
19,193,105904,105816,105671
19,195,7435,7380,7319
19,197,12915,12811,12681
20,000,2937919,2937922,2937150
20,001,12532,12526,12579
20,003,7843,7800,7776
20,005,16318,16257,16108
20,007,4203,4099,4122
20,009,25419,25239,25080
20,011,14333,14336,14493
20,013,9482,9453,9364
20,015,67390,67958,68240
20,017,2574,2598,2548
20,019,3385,3391,3415
20,021,19297,19208,19088
20,023,2615,2624,2583
20,025,1974,1958,1933
20,027,8122,8091,8043
20,029,9008,8954,8946
20,031,8356,8343,8280
20,033,1680,1660,1681
20,035,34524,34652,34453
20,037,38951,39033,39078
20,039,2765,2764,2689
20,041,18368,18483,18430
20,043,7463,7442,7440
20,045,118777,119480,119964
20,047,2883,2800,2739
20,049,2474,2431,2441
20,051,28943,28897,28941
20,053,6369,6320,6355
20,055,38302,38066,37650
20,057,34208,34121,33848
20,059,26008,26021,25992
20,061,36751,36112,35691
20,063,2707,2735,2717
20,065,2408,2408,2411
20,067,7326,7318,7197
20,069,5646,5672,5729
20,071,1274,1280,1223
20,073,5965,5922,5939
20,075,2489,2468,2430
20,077,5465,5329,5323
20,079,33998,33827,33801
20,081,3759,3646,3576
20,083,1739,1750,1755
20,085,13241,13270,13286
20,087,18320,18419,18344
20,089,2936,2946,2898
20,091,611101,614848,619195
20,093,3961,3892,3855
20,095,7412,7280,7193
20,097,2452,2408,2404
20,099,20165,19929,19757
20,101,1569,1572,1556
20,103,81953,82322,82892
20,105,2948,2907,2899
20,107,9586,9730,9796
20,109,2743,2710,2705
20,111,32107,31987,31898
20,113,30180,30137,30012
20,115,11778,11756,11868
20,117,10026,10010,9982
20,119,4054,3989,3897
20,121,34232,34665,34867
20,123,5772,5757,5738
20,125,31393,31202,30996
20,127,5367,5362,5349
20,129,2697,2669,2599
20,131,10265,10216,10115
20,133,15905,15779,15606
20,135,2667,2651,2645
20,137,5453,5369,5301
20,139,15746,15746,15654
20,141,3497,3485,3490
20,143,5728,5834,5795
20,145,6261,6246,6179
20,147,4977,4845,4809
20,149,25411,25860,26273
20,151,9148,9180,9067
20,153,2565,2559,2528
20,155,61887,61510,61516
20,157,4677,4682,4642
20,159,9385,9406,9407
20,161,72013,71849,71108
20,163,4895,4870,4813
20,165,2938,2925,2927
20,167,6670,6677,6639
20,169,54253,53899,53596
20,171,5138,5121,5014
20,173,524786,524481,525525
20,175,21854,21747,21358
20,177,178698,178367,177480
20,179,2451,2452,2425
20,181,5895,5911,5830
20,183,3552,3555,3533
20,185,4055,4008,3993
20,187,2083,2041,1963
20,189,5246,5299,5175
20,191,22342,22386,22473
20,193,7933,7942,7893
20,195,2805,2792,2752
20,197,6885,6969,7019
20,199,1517,1514,1488
20,201,5532,5526,5501
20,203,2149,2081,2064
20,205,8576,8537,8622
20,207,3091,3076,3109
20,209,168904,167290,165746
21,000,4507445,4506589,4512310
21,001,18880,18953,19067
21,003,20573,20828,21275
21,005,23870,24043,24224
21,007,7712,7690,7650
21,009,44502,44599,44854
21,011,12716,12774,12829
21,013,23984,23765,23568
21,015,136465,137760,139093
21,017,20290,20218,20093
21,019,48197,47767,48110
21,021,30753,30649,30904
21,023,8402,8446,8452
21,025,13694,13527,13351
21,027,20443,20652,20943
21,029,82355,83076,83836
21,031,12318,12279,12295
21,033,12634,12644,12570
21,035,37145,37489,37685
21,037,93129,92856,93300
21,039,4806,4760,4720
21,041,10836,10884,10938
21,043,26607,26432,26395
21,045,15924,15951,15920
21,047,72768,73221,73037
21,049,37037,36925,37061
21,051,20310,20184,19913
21,053,9232,9288,9123
21,055,9002,8939,8981
21,057,5860,5892,5946
21,059,103391,103140,103222
21,061,12153,12213,12269
21,063,7333,7375,7293
21,065,14161,14090,14044
21,067,322613,320473,320347
21,069,15098,15268,15288
21,071,35804,35300,34978
21,073,51589,51683,51607
21,075,6512,6513,6382
21,077,8672,8766,8763
21,079,16965,17385,17589
21,081,25014,25302,25502
21,083,36527,36634,36412
21,085,26454,26582,26631
21,087,11130,11308,11365
21,089,35887,35682,35403
21,091,9105,9083,9021
21,093,110816,111766,111862
21,095,26752,26177,25662
21,097,18718,18964,19103
21,099,19289,19485,19600
21,101,44668,44417,44046
21,103,15697,15704,15771
21,105,4530,4430,4422
21,107,45366,45096,44812
21,109,12962,12987,12973
21,111,782783,777378,773399
21,113,53016,53609,54254
21,115,22644,22539,22244
21,117,169246,169734,170313
21,119,14163,14033,13874
21,121,30183,30019,29791
21,123,14877,15024,15163
21,125,62728,62592,62885
21,127,16303,16268,16109
21,129,7372,7454,7261
21,131,10471,10298,10093
21,133,21465,21245,20893
21,135,13082,13006,12954
21,137,24249,24227,24360
21,139,8873,8984,8963
21,141,27515,27815,27877
21,143,8678,8436,9101
21,145,67911,67612,67490
21,147,16857,16681,16701
21,149,9134,9127,9105
21,151,92983,93473,95187
21,153,11604,11476,11357
21,155,19588,19758,19775
21,157,31685,31820,31777
21,159,11249,11157,11095
21,161,17130,16965,16930
21,163,30030,30132,30001
21,165,6135,6209,6250
21,167,22652,22872,22902
21,169,10286,10363,10370
21,171,11316,11269,11355
21,173,28104,28231,28367
21,175,13729,13682,14120
21,177,30886,30072,30455
21,179,46784,47149,47392
21,181,7540,7750,7805
21,183,23746,23730,23527
21,185,67692,68232,69431
21,187,11304,11307,11290
21,189,4031,3967,3929
21,191,14652,14611,14676
21,193,28360,27906,27361
21,195,58443,57362,56286
21,197,13095,13110,13083
21,199,65104,65561,65795
21,201,2181,2250,2229
21,203,16064,16151,16242
21,205,24716,24586,24388
21,207,17995,18195,18178
21,209,57520,58312,59099
21,211,48243,48580,48886
21,213,19626,19716,19949
21,215,19510,19895,20204
21,217,26000,26158,26407
21,219,12289,12321,12404
21,221,14080,14202,14332
21,223,8461,8553,8539
21,225,13665,13166,12961
21,227,135013,137148,139843
21,229,12042,12091,12061
21,231,19542,19569,19681
21,233,13017,12857,12726
21,235,36695,36699,36873
21,237,6556,6491,6400
21,239,26902,27090,27062
22,000,4651664,4627098,4590241
22,001,57472,57262,56744
22,003,22684,22604,22320
22,005,126966,128502,130458
22,007,20957,20726,20604
22,009,39638,39265,38751
22,011,36600,36619,36570
22,013,12918,12800,12641
22,015,128717,129402,129276
22,017,236928,232741,229025
22,019,216465,205095,202418
22,021,9611,9593,9554
22,023,5623,5099,4902
22,025,8841,8712,8566
22,027,14103,13990,13744
22,029,18568,18373,18116
22,031,26838,26934,26853
22,033,455886,453653,450544
22,035,7397,7242,6990
22,037,19450,19319,19135
22,039,32304,32190,31986
22,041,19712,19593,19308
22,043,22135,22212,22000
22,045,70054,69298,68327
22,047,30058,29713,29506
22,049,14997,14922,14839
22,051,439712,433929,425884
22,053,32210,32413,32026
22,055,242148,244922,247866
22,057,97434,97537,95870
22,059,14822,14793,14729
22,061,48304,48153,48129
22,063,142824,146230,148425
22,065,9923,9804,9478
22,067,25453,25000,24446
22,069,37388,36995,36663
22,071,383218,377063,369749
22,073,160096,158919,157702
22,075,23458,23284,22516
22,077,20670,20323,20151
22,079,129657,128748,127189
22,081,7587,7490,7420
22,083,20032,19890,19826
22,085,22093,22098,21985
22,087,43853,44330,44479
22,089,52507,52405,50998
22,091,10901,10921,10822
22,093,20117,19790,19423
22,095,42355,42021,39864
22,097,82302,82283,81773
22,099,51628,51573,51236
22,101,49143,48188,47789
22,103,264986,270087,273263
22,105,133635,135508,137048
22,107,4107,4034,3846
22,109,109405,109013,104786
22,111,21090,20996,20721
22,113,56918,56854,56952
22,115,48625,48056,47247
22,117,45344,45176,45025
22,119,36875,36024,35643
22,121,27258,27805,28034
22,123,9693,9596,9475
22,125,15250,15481,15381
22,127,13721,13507,13205
23,000,1363557,1377238,1385340
23,001,111180,112648,113023
23,003,67064,67022,67255
23,005,303570,306149,307451
23,007,29460,30275,30474
23,009,55500,56403,56701
23,011,123832,124824,125540
23,013,40657,41074,41164
23,015,35249,35985,36215
23,017,57894,58719,59495
23,019,152165,152834,153704
23,021,16805,17184,17417
23,023,36724,37190,37393
23,025,50460,50715,51098
23,027,39654,39984,40241
23,029,31087,31166,31437
23,031,212256,215066,216732
24,000,6173205,6174610,6164660
24,001,67955,67691,67267
24,003,589054,592052,593286
24,005,853325,850634,846161
24,009,92905,94226,94573
24,011,33273,33413,33433
24,013,172923,174208,175305
24,015,103793,104096,104942
24,017,166726,168870,170102
24,019,32528,32625,32726
24,021,272765,280410,287079
24,023,28792,28757,28579
24,025,261213,263292,263867
24,027,332786,335287,335411
24,029,19114,19254,19320
24,031,1060825,1055924,1052521
24,033,965290,956254,946971
24,035,50023,50900,51711
24,037,113987,114664,114877
24,039,24564,24528,24546
24,041,37481,37796,37932
24,043,154677,155197,155590
24,045,103556,104181,104664
24,047,52511,53370,53866
24,510,583139,576981,569931
25,000,6995729,6989690,6981974
25,001,228856,232594,232457
25,003,128774,128621,127859
25,005,576737,579895,580068
25,007,20579,21109,20868
25,009,808491,807485,806765
25,011,70930,70943,70894
25,013,464407,462849,461041
25,015,146592,163088,162588
25,017,1628671,1617099,1617105
25,019,14237,14499,14421
25,021,724322,724692,725531
25,023,530154,532919,533069
25,025,793271,771765,766381
25,027,859708,862132,862927
26,000,10069577,10037504,10034113
26,001,10189,10300,10417
26,003,8842,8789,8807
26,005,120647,121010,121210
26,007,28880,28916,28847
26,009,23459,23884,24249
26,011,15003,15000,15089
26,013,8140,8291,8277
26,015,62598,63170,63554
26,017,103733,103251,102821
26,019,17997,18236,18297
26,021,154183,153377,152900
26,023,44868,45202,44531
26,025,134184,133878,133289
26,027,51550,51501,51403
26,029,26034,26215,26293
26,031,25584,25735,25940
26,033,36781,35867,36293
26,035,30834,31128,31352
26,037,79157,79499,79748
26,039,12993,13292,13491
26,041,36860,36834,36741
26,043,25898,25795,25874
26,045,109176,109030,108992
26,047,34104,34280,34163
26,049,405757,404662,401983
26,051,25375,25528,25728
26,053,14346,14356,14319
26,055,95411,96013,96464
26,057,41667,41269,41100
26,059,45733,45609,45762
26,061,37238,37444,37035
26,063,31371,31354,31248
26,065,284640,271427,284108
26,067,66855,66797,66809
26,069,25185,25374,25521
26,071,11628,11576,11622
26,073,64513,64291,64447
26,075,160225,160266,160066
26,077,261767,260688,261173
26,079,17916,17958,18182
26,081,658460,659000,659083
26,083,2068,2118,2180
26,085,12094,12261,12594
26,087,88572,88686,88780
26,089,22312,22630,22870
26,091,99320,99202,98567
26,093,193971,195277,196161
26,095,5336,5337,5330
26,097,10816,10899,10941
26,099,880176,877385,874195
26,101,25061,25299,25287
26,103,66012,65800,66661
26,105,29038,29381,29409
26,107,39792,40057,40720
26,109,23450,23323,23266
26,111,83481,83426,83674
26,113,15057,15164,15213
26,115,154893,155646,155609
26,117,66648,67458,67433
26,119,9164,9302,9569
26,121,175848,176612,176565
26,123,50095,50468,50886
26,125,1272413,1271891,1269431
26,127,26713,26884,26973
26,129,20779,20783,20970
26,131,5805,5855,5863
26,133,22906,23176,23274
26,135,8239,8328,8404
26,137,25138,25351,25644
26,139,296889,298317,300873
26,141,12997,13173,13361
26,143,23466,23677,23708
26,145,189860,189590,188330
26,147,160375,160384,160151
26,149,60931,60850,60874
26,151,40502,40604,40657
26,153,8056,8060,8188
26,155,68006,67998,68022
26,157,53310,53046,52945
26,159,75576,75703,75692
26,161,371817,364998,366376
26,163,1789129,1773073,1757043
26,165,33685,33940,34196
27,000,5709852,5711471,5717184
27,001,15718,15945,16126
27,003,364458,367416,368864
27,005,35194,35326,35371
27,007,46243,46420,46799
27,009,41357,41496,41463
27,011,5158,5162,5144
27,013,69211,69361,69631
27,015,25903,25883,25723
27,017,36193,36455,36708
27,019,107284,108826,110034
27,021,30142,30638,31274
27,023,12596,12390,12284
27,025,56713,57544,57988
27,027,65332,65665,65929
27,029,8571,8574,8649
27,031,5595,5623,5708
27,033,11509,11578,11356
27,035,66277,67345,67948
27,037,440393,442773,443341
27,039,20895,20964,20981
27,041,39089,39305,39668
27,043,13901,13910,13926
27,045,21234,21303,21414
27,047,30902,30808,30718
27,049,47575,48018,48013
27,051,6094,6161,6136
27,053,1281568,1266736,1260121
27,055,18851,18829,18800
27,057,21392,21745,21960
27,059,41385,41951,42727
27,061,45035,45058,45205
27,063,9992,10015,9893
27,065,16049,16187,16463
27,067,43726,43865,43839
27,069,4198,4162,4059
27,071,12025,11944,11844
27,073,6702,6715,6689
27,075,10918,11009,10939
27,077,3764,3821,3871
27,079,28639,28918,29153
27,081,5628,5563,5580
27,083,25170,25267,25262
27,085,36738,36807,36714
27,087,5372,5387,5328
27,089,9026,8979,8861
27,091,19982,19899,19650
27,093,23431,23391,23496
27,095,26462,26892,27280
27,097,33995,34071,34246
27,099,40054,40214,40140
27,101,8172,8145,8060
27,103,34504,34373,34441
27,105,22207,22047,21947
27,107,6435,6442,6377
27,109,163028,163620,164020
27,111,60072,60222,60519
27,113,13950,13806,13845
27,115,28889,29034,29446
27,117,9414,9352,9355
27,119,31083,30817,30731
27,121,11326,11418,11431
27,123,551699,542861,536413
27,125,3940,3932,3874
27,127,15408,15397,15361
27,129,14697,14628,14525
27,131,67086,67375,67693
27,133,9684,9674,9537
27,135,15293,15260,15292
27,137,200064,199332,199532
27,139,151350,153408,154520
27,141,97580,99248,100824
27,143,14810,14927,14955
27,145,158467,159144,160405
27,147,37375,37409,37398
27,149,9666,9704,9637
27,151,9804,9781,9755
27,153,25277,25307,25538
27,155,3361,3287,3275
27,157,21400,21514,21658
27,159,14119,14184,14307
27,161,18964,18992,18893
27,163,268372,272610,275912
27,165,11231,11158,11075
27,167,6482,6410,6350
27,169,49640,49750,49478
27,171,141860,145143,148003
27,173,9504,9446,9486
28,000,2958141,2949586,2940057
28,001,29419,28804,28408
28,003,34727,34429,34204
28,005,12699,12644,12619
28,007,17816,17706,17509
28,009,7661,7630,7550
28,011,30827,30180,29370
28,013,13222,12936,12781
28,015,9930,9817,9731
28,017,17078,16973,16812
28,019,8208,8113,8037
28,021,9099,8898,8805
28,023,15546,15457,15271
28,025,18621,18500,18380
28,027,21230,20732,20197
28,029,28268,27927,27719
28,031,18298,18250,18098
28,033,186107,189042,191723
28,035,78185,77883,78110
28,037,7665,7689,7642
28,039,24364,24793,25206
28,041,13530,13643,13552
28,043,21572,21312,21088
28,045,46117,46046,46094
28,047,208811,209642,211044
28,049,226763,222508,217730
28,051,16879,16476,16121
28,053,7735,7548,7333
28,055,1325,1297,1273
28,057,23862,23866,23903
28,059,143377,144438,144975
28,061,16352,16265,16167
28,063,7249,7156,7087
28,065,11271,11158,11088
28,067,67163,66839,66569
28,069,8956,8781,8654
28,071,55907,56857,57615
28,073,64384,65395,65783
28,075,72672,71871,70904
28,077,11982,11774,11713
28,079,21245,21247,21135
28,081,83310,83043,82959
28,083,28191,27398,26570
28,085,34822,34907,34717
28,087,58767,58129,57603
28,089,109251,109919,111113
28,091,24370,24271,24050
28,093,33778,33820,34110
28,095,34138,33913,33577
28,097,9796,9704,9530
28,099,28988,28863,28673
28,101,21255,21117,21029
28,103,10228,10114,9990
28,105,51698,51808,51427
28,107,33171,32919,32661
28,109,56198,56505,57261
28,111,11458,11490,11368
28,113,40190,39957,39644
28,115,31194,31336,31389
28,117,24962,24921,24792
28,119,6154,5911,5701
28,121,157149,158183,158979
28,123,27968,27650,27707
28,125,3769,3648,3488
28,127,25892,25686,25587
28,129,14194,14191,14092
28,131,18332,18589,18669
28,133,25853,25328,24811
28,135,12650,12302,12035
28,137,28117,28118,28296
28,139,21732,21614,21431
28,141,18843,18732,18619
28,143,9723,9652,9458
28,145,27810,28001,28125
28,147,13868,13804,13761
28,149,44544,43450,42649
28,151,44631,43641,42514
28,153,19803,19712,19681
28,155,9901,9981,9993
28,157,8524,8288,8143
28,159,17683,17608,17543
28,161,12443,12409,12364
28,163,26671,26432,25948
29,000,6153998,6169823,6177957
29,001,25269,25179,25165
29,003,18098,18009,18003
29,005,5308,5227,5182
29,007,24798,24824,24434
29,009,34541,34733,34926
29,011,11608,11649,11694
29,013,16045,16084,16177
29,015,19424,19916,20224
29,017,10559,10578,10518
29,019,184035,186075,187690
29,021,84460,83655,82911
29,023,42059,42150,42179
29,025,8824,8896,8933
29,027,44337,44667,44762
29,029,42802,43527,43768
29,031,81811,82147,82899
29,033,8468,8403,8423
29,035,5202,5339,5268
29,037,108145,109751,110394
29,039,14210,14518,14601
29,041,7384,7361,7386
29,043,89284,91541,93114
29,045,6661,6738,6723
29,047,254112,255860,257033
29,049,21210,21258,21328
29,051,76614,76631,76969
29,053,16648,16672,16772
29,055,23037,22818,22659
29,057,7587,7600,7660
29,059,17130,17371,17626
29,061,8425,8385,8435
29,063,11610,11708,11336
29,065,14389,14428,14467
29,067,11604,11754,11975
29,069,28217,27751,27406
29,071,104853,105328,105879
29,073,14760,14791,14768
29,075,6134,6169,6253
29,077,299312,301118,303293
29,079,9761,9761,9838
29,081,8156,8170,8199
29,083,21974,22221,22438
29,085,8301,8594,8630
29,087,4184,4241,4262
29,089,10151,10128,10168
29,091,39793,39980,40631
29,093,9514,9421,9414
29,095,717572,717616,716531
29,097,122878,123325,124075
29,099,226927,227934,229336
29,101,54018,54170,54368
29,103,3739,3787,3776
29,105,36044,36135,36313
29,107,33062,32832,32961
29,109,37977,38268,38683
29,111,10039,9986,9891
29,113,59849,61654,63155
29,115,11852,11843,11820
29,117,13988,14223,14402
29,119,23286,23428,23588
29,121,15197,15167,15049
29,123,12626,12671,12753
29,125,8452,8422,8431
29,127,28480,28502,28438
29,129,3513,3469,3437
29,131,24770,24943,25403
29,133,12130,12129,11688
29,135,15213,15284,15220
29,137,8686,8720,8652
29,139,11287,11429,11470
29,141,20990,21417,21785
29,143,16331,16024,15695
29,145,58684,59437,60011
29,147,21000,20984,20670
29,149,8611,8639,8732
29,151,13265,13409,13399
29,153,8520,8774,8940
29,155,15585,15225,14841
29,157,18969,18956,18858
29,159,43001,43206,43353
29,161,44560,44949,45313
29,163,17408,17602,17664
29,165,107168,108720,110534
29,167,31612,32089,32693
29,169,54017,53850,53941
29,171,4690,4696,4666
29,173,10357,10378,10420
29,175,24454,24569,24622
29,177,23129,23061,23107
29,179,6077,6082,6006
29,181,10670,10619,10703
29,183,406385,410511,413803
29,185,9351,9404,9576
29,186,18474,18571,18644
29,187,66437,67057,66969
29,189,1003056,998227,990414
29,195,23323,23241,23007
29,197,4010,4021,4002
29,199,4699,4679,4643
29,201,38020,37856,37840
29,203,7028,7085,7193
29,205,6088,5957,5982
29,207,28644,28482,28377
29,209,31206,31605,32136
29,211,5987,5916,5840
29,213,56057,56334,56821
29,215,24326,24893,25336
29,217,19669,19605,19651
29,219,35740,36529,37260
29,221,23416,23444,23441
29,223,10933,10907,10792
29,225,39002,39580,40335
29,227,1962,1969,1955
29,229,18211,18640,19156
29,510,300483,293562,286578
30,000,1087075,1106227,1122867
30,001,9381,9532,9719
30,003,13082,12932,12851
30,005,7005,6982,6936
30,007,6857,7323,7793
30,009,10510,10862,11179
30,011,1408,1410,1382
30,013,84402,84498,84864
30,015,5895,5916,5898
30,017,11863,11971,12032
30,019,1653,1669,1628
30,021,8923,8866,8830
30,023,9420,9506,9510
30,025,3028,2984,3011
30,027,11469,11609,11663
30,029,104862,108725,111814
30,031,119585,123051,124857
30,033,1170,1210,1218
30,035,13737,13743,13681
30,037,821,818,835
30,039,3308,3355,3502
30,041,16263,16175,16068
30,043,12140,12472,12826
30,045,2025,2052,2105
30,047,31246,32075,32853
30,049,71168,72503,73832
30,051,1956,1934,1972
30,053,19739,20571,21525
30,055,1730,1711,1709
30,057,8660,8944,9265
30,059,1922,1960,2013
30,061,4565,4868,5058
30,063,118337,119806,121041
30,065,4745,4912,5197
30,067,17224,17531,17790
30,069,500,522,524
30,071,4208,4216,4240
30,073,5879,6018,6078
30,075,1693,1707,1725
30,077,6941,7012,7051
30,079,1093,1101,1107
30,081,44409,46125,47298
30,083,11531,11342,11237
30,085,10794,10808,10572
30,087,8305,8077,8088
30,089,12463,12975,13442
30,091,3536,3569,3564
30,093,35201,35554,36068
30,095,8997,9026,9177
30,097,3670,3705,3715
30,099,6256,6282,6368
30,101,4970,5010,5082
30,103,758,769,758
30,105,7556,7556,7513
30,107,2083,2045,2032
30,109,937,935,919
30,111,165196,167397,169852
31,000,1962642,1963554,1967923
31,001,31177,30990,30970
31,003,6278,6292,6293
31,005,432,441,433
31,007,677,689,660
31,009,431,461,453
31,011,5359,5400,5385
31,013,10826,10647,10672
31,015,1805,1786,1741
31,017,2902,2912,2872
31,019,50195,50310,50586
31,021,6721,6706,6755
31,023,8345,8425,8427
31,025,26601,27071,27122
31,027,8372,8325,8371
31,029,3887,3829,3772
31,031,5454,5447,5464
31,033,9486,9502,9511
31,035,6105,6047,6049
31,037,10557,10474,10444
31,039,9008,8972,8929
31,041,10493,10476,10476
31,043,21552,21256,21042
31,045,8150,8131,8241
31,047,24086,23934,23884
31,049,1831,1857,1902
31,051,5582,5546,5464
31,053,37110,37120,36997
31,055,585386,585467,586327
31,057,1654,1630,1590
31,059,5572,5555,5553
31,061,2890,2891,2873
31,063,2504,2555,2633
31,065,4626,4611,4575
31,067,21653,21611,21583
31,069,1886,1833,1837
31,071,1807,1832,1801
31,073,1895,1819,1808
31,075,615,577,576
31,077,2175,2184,2227
31,079,62760,62092,62097
31,081,9404,9382,9429
31,083,3057,3097,3054
31,085,853,841,849
31,087,2622,2594,2598
31,089,10113,10081,10043
31,091,706,731,686
31,093,6484,6519,6515
31,095,7259,7160,7154
31,097,5292,5335,5287
31,099,6681,6662,6690
31,101,8325,8298,8269
31,103,759,787,787
31,105,3411,3405,3315
31,107,8396,8436,8336
31,109,323144,323420,324756
31,111,34534,34078,33685
31,113,715,684,675
31,115,603,598,599
31,117,397,382,372
31,119,35521,35360,35368
31,121,7655,7670,7721
31,123,4553,4573,4527
31,125,3390,3380,3326
31,127,7085,7000,7035
31,129,4090,4063,4041
31,131,15897,16008,16198
31,133,2536,2540,2528
31,135,2863,2822,2829
31,137,8972,8933,8988
31,139,7340,7316,7332
31,141,34283,34282,34296
31,143,5212,5159,5166
31,145,10686,10639,10573
31,147,7860,7783,7705
31,149,1266,1271,1245
31,151,14242,14052,14116
31,153,191157,193798,196553
31,155,22372,22798,23118
31,157,36036,35828,35603
31,159,17614,17584,17692
31,161,5104,5086,4996
31,163,2956,2953,2980
31,165,1144,1151,1127
31,167,5822,5797,5717
31,169,5019,4906,4885
31,171,670,676,671
31,173,6752,6595,6507
31,175,4055,4074,4073
31,177,20928,20993,21167
31,179,9694,9843,9871
31,181,3390,3393,3336
31,183,775,787,785
31,185,14103,14248,14354
32,000,3115648,3146402,3177772
32,001,25568,25671,25843
32,003,2274734,2295194,2322985
32,005,49522,49969,49628
32,007,53670,53811,54046
32,009,732,733,744
32,011,1853,1909,1863
32,013,17276,17591,17272
32,015,5726,5762,5766
32,017,4448,4433,4482
32,019,59466,60927,61585
32,021,4557,4615,4525
32,023,51960,53277,54738
32,027,6622,6442,6462
32,029,4106,4145,4170
32,031,487674,494281,496745
32,033,9051,8846,8788
32,510,58683,58796,58130
33,000,1378587,1387505,1395231
33,001,63775,64612,64781
33,003,50235,51725,52199
33,005,76541,76821,77350
33,007,31227,31411,31504
33,009,91177,90474,91126
33,011,422883,424496,426594
33,013,154022,154591,156020
33,015,314603,318214,319424
33,017,131055,131534,132275
33,019,43069,43627,43958
34,000,9271689,9267961,9261699
34,001,274172,275130,275638
34,003,953617,954879,952997
34,005,461648,464411,466103
34,007,523074,524124,524907
34,009,95040,95768,95634
34,011,153692,152089,151356
34,013,859924,854121,849477
34,015,302554,304620,306601
34,017,721832,703447,703366
34,019,128786,129668,129777
34,021,386441,382116,380688
34,023,861314,862328,861418
34,025,642771,646392,644098
34,027,508384,510444,511151
34,029,638422,649741,655735
34,031,523406,518345,513936
34,033,64842,65058,65117
34,035,344725,346331,346875
34,037,143915,145645,146084
34,039,573617,572810,569815
34,041,109513,110494,110926
35,000,2118390,2116677,2113344
35,001,676803,674980,672508
35,003,3611,3726,3827
35,005,65148,64644,63894
35,006,27102,27238,26950
35,007,12353,12356,12246
35,009,48370,47960,47532
35,011,1683,1679,1693
35,013,220047,221655,223337
35,015,62329,60899,60400
35,017,28203,27892,27686
35,019,4440,4432,4310
35,021,655,636,628
35,023,4166,4090,4003
35,025,74635,73103,72452
35,027,20313,20421,20411
35,028,19415,19340,19187
35,029,25447,25486,25749
35,031,72578,71484,69830
35,033,4192,4203,4169
35,035,67873,68538,68823
35,037,8712,8624,8546
35,039,40269,40249,40048
35,041,19157,19017,18934
35,043,149276,151439,153501
35,045,121368,120866,120418
35,047,27129,27167,26953
35,049,155041,155404,155664
35,051,11563,11498,11436
35,053,16558,16303,16115
35,055,34459,34700,34580
35,057,15054,15318,15454
35,059,4072,4097,3980
35,061,76369,77233,78080
36,000,20108296,19857492,19677151
36,001,313987,316301,315811
36,003,47320,46921,46694
36,005,1461125,1421089,1379946
36,007,198126,198703,197117
36,009,76992,76650,76439
36,011,76198,75791,74998
36,013,127578,126785,126027
36,015,83945,82830,81426
36,017,47067,46637,46458
36,019,79761,79996,78753
36,021,61403,62039,61286
36,023,46750,46489,46126
36,025,44221,44753,44740
36,027,295398,298039,297545
36,029,952598,954350,950312
36,031,37326,37292,36910
36,033,47565,47040,46373
36,035,53132,53055,52669
36,037,58313,57988,57535
36,039,47912,48493,48061
36,041,5073,5114,5118
36,043,60024,60082,59822
36,045,116273,117680,116637
36,047,2719044,2637486,2590516
36,049,26551,26745,26699
36,051,61728,61629,61516
36,053,67927,67397,67097
36,055,757790,756547,752035
36,057,49485,49611,49623
36,059,1390559,1391112,1383726
36,061,1677306,1578801,1596273
36,063,212125,211891,210880
36,065,231575,229942,228846
36,067,474316,472094,468249
36,069,112327,112660,112707
36,071,401088,404997,405941
36,073,40225,39711,39318
36,075,117440,118124,118287
36,077,58377,60758,60636
36,079,97632,98176,98045
36,081,2388586,2328141,2278029
36,083,160900,160740,159853
36,085,494586,493484,491133
36,087,337394,339256,339022
36,089,108554,108410,107733
36,091,235794,237962,238797
36,093,159315,160214,160093
36,095,29752,30152,30063
36,097,17863,17800,17650
36,099,33747,33576,32882
36,101,93314,93105,92599
36,103,1521950,1533118,1525465
36,105,78605,79694,79658
36,107,48352,48087,47772
36,109,99784,106044,104777
36,111,181627,183704,182319
36,113,65618,65773,65599
36,115,61202,60975,60841
36,117,91193,91201,91125
36,119,1001431,999607,990427
36,121,40427,40017,39666
36,123,24720,24634,24451
37,000,10449445,10565885,10698973
37,001,171954,173876,176353
37,003,36482,36467,36512
37,005,10897,11066,11185
37,007,22033,22254,22202
37,009,26580,26764,27110
37,011,17848,17502,17571
37,013,44690,44438,44272
37,015,17862,17425,17240
37,017,29629,29565,29446
37,019,138157,144814,153064
37,021,269694,271719,273589
37,023,87577,87634,87881
37,025,227214,231726,235797
37,027,80632,80561,80492
37,029,10407,10816,11088
37,031,67724,68718,69380
37,033,22699,22701,22614
37,035,160892,161821,163462
37,037,76670,78111,79864
37,039,28858,29195,29512
37,041,13701,13791,13940
37,043,11142,11350,11614
37,045,99799,100318,100670
37,047,50487,49953,49885
37,049,100646,100277,100874
37,051,334391,337249,336699
37,053,28401,29714,31015
37,055,37032,37889,37956
37,057,169196,170794,172586
37,059,42895,43614,44090
37,061,48657,48606,48990
37,063,325561,329699,332680
37,065,48777,48370,48301
37,067,383166,386172,389157
37,069,69115,71798,74539
37,071,228514,231337,234215
37,073,10448,10403,10383
37,075,8035,8008,7980
37,077,61060,61408,61903
37,079,20440,20261,20211
37,081,539498,542756,546101
37,083,48521,48377,47848
37,085,133779,135669,138832
37,087,62223,62504,62609
37,089,116541,116988,118106
37,091,21470,21172,20875
37,093,52240,53235,53787
37,095,4551,4625,4576
37,097,187683,192227,195897
37,099,42231,42520,42955
37,101,217787,227313,234778
37,103,9147,9217,9233
37,105,63428,64097,65476
37,107,55050,54693,54633
37,109,87206,89870,93095
37,111,44580,44586,44753
37,113,37092,37488,38065
37,115,21228,21645,21768
37,117,21953,21742,21508
37,119,1116788,1125809,1145392
37,121,14906,14982,15094
37,123,25719,25853,25894
37,125,100267,102952,105531
37,127,95148,95227,95789
37,129,226307,229930,234921
37,131,17435,17093,16779
37,133,204937,204660,207298
37,135,143583,148610,150477
37,137,12303,12347,12381
37,139,40577,40746,40938
37,141,60642,63072,65737
37,143,13016,13126,13210
37,145,39187,39172,39386
37,147,170378,172273,173542
37,149,19383,19691,19986
37,151,144418,145109,146043
37,153,42916,42842,42778
37,155,116305,116229,116663
37,157,91188,91260,91957
37,159,147148,148012,149645
37,161,64479,64618,64963
37,163,59078,59080,59120
37,165,34141,34175,34162
37,167,62638,63108,64153
37,169,44565,44641,45175
37,171,71372,71196,71403
37,173,14099,14149,13967
37,175,33046,33255,33355
37,177,3239,3377,3365
37,179,239443,244260,249070
37,181,42535,42103,42138
37,183,1130685,1152357,1175021
37,185,18598,18791,18713
37,187,10976,10909,10828
37,189,54117,54962,55089
37,191,117266,116866,117286
37,193,65904,65818,65784
37,195,78807,78283,78449
37,197,37246,37258,37463
37,199,18490,18776,18811
38,000,779518,777934,779261
38,001,2187,2152,2115
38,003,10847,10812,10758
38,005,5931,5778,5770
38,007,933,961,1018
38,009,6384,6437,6376
38,011,2984,2902,2894
38,013,2208,2173,2155
38,015,98594,98967,99280
38,017,184874,189293,192734
38,019,3694,3664,3597
38,021,4971,4905,4923
38,023,2212,2191,2187
38,025,4100,4025,4015
38,027,2320,2322,2314
38,029,3293,3262,3250
38,031,3388,3362,3378
38,033,1720,1757,1744
38,035,73126,72512,72413
38,037,2289,2311,2243
38,039,2297,2284,2252
38,041,2467,2422,2406
38,043,2387,2361,2393
38,045,4101,4095,4098
38,047,1890,1882,1855
38,049,5311,5239,5189
38,051,2511,2506,2475
38,053,14776,13851,13908
38,055,9756,9794,9824
38,057,8348,8330,8333
38,059,33313,33560,33710
38,061,9807,9593,9290
38,063,2993,3044,2995
38,065,1869,1873,1856
38,067,6823,6775,6763
38,069,3968,3943,3942
38,071,11573,11598,11515
38,073,5690,5667,5640
38,075,2273,2262,2220
38,077,16527,16570,16580
38,079,12195,12086,11933
38,081,3836,3819,3795
38,083,1267,1270,1295
38,085,3882,3759,3711
38,087,695,686,672
38,089,33828,33059,32803
38,091,1787,1798,1788
38,093,21556,21591,21487
38,095,2147,2133,2064
38,097,7988,7990,7958
38,099,10524,10479,10438
38,101,69923,69437,68870
38,103,3971,3905,3930
38,105,41184,38487,38109
39,000,11797517,11764342,11756058
39,001,27440,27513,27420
39,003,102107,101792,101115
39,005,52468,52340,52181
39,007,97516,97452,97014
39,009,62371,59086,58979
39,011,46461,46240,45948
39,013,66283,65895,65509
39,015,43671,43690,43680
39,017,390872,387791,388420
39,019,26697,26671,26659
39,021,38734,38782,38709
39,023,135879,135747,134831
39,025,208738,209867,210805
39,027,42023,42100,41964
39,029,101634,101250,100511
39,031,36578,36614,36571
39,033,42003,41797,41522
39,035,1262523,1247808,1236041
39,037,51897,51645,51529
39,039,38254,38216,38187
39,041,215139,221186,226296
39,043,75475,74918,74501
39,045,159443,161182,162898
39,047,28971,28929,28839
39,049,1324357,1317560,1321820
39,051,42643,42473,42171
39,053,29241,29220,29068
39,055,95347,95649,95469
39,057,168119,167628,168456
39,059,38415,38263,38098
39,061,830320,827501,825037
39,063,74930,74775,74861
39,065,30724,30446,30416
39,067,14486,14476,14378
39,069,27663,27555,27512
39,071,43359,43423,43391
39,073,28039,28126,27858
39,075,44226,44374,44390
39,077,58485,58431,58218
39,079,32669,32518,32586
39,081,65171,65111,64330
39,083,62783,62547,63183
39,085,232508,232223,231842
39,087,58136,57400,56653
39,089,178769,179962,181359
39,091,46106,46129,46040
39,093,313495,314165,316268
39,095,430834,429360,426643
39,097,43853,44404,43540
39,099,228005,226443,225636
39,101,65399,65311,64642
39,103,182636,183338,183512
39,105,22149,22085,21969
39,107,42526,42369,42348
39,109,108950,109386,110247
39,111,13349,13324,13234
39,113,537093,536169,533892
39,115,13756,13689,13668
39,117,34973,35197,35339
39,119,86450,86574,86113
39,121,14086,14312,14335
39,123,40287,40156,39978
39,125,18805,18886,18757
39,127,35448,35454,35480
39,129,58646,58770,60023
39,131,27069,27059,27005
39,133,161833,158978,161745
39,135,41001,40894,40596
39,137,34395,34353,34334
39,139,124962,125327,125319
39,141,77064,76540,76606
39,143,58865,58763,58667
39,145,73844,73012,72194
39,147,55051,54954,54632
39,149,48138,48030,47671
39,151,374486,373659,372657
39,153,539792,537247,535882
39,155,201672,201444,200643
39,157,93183,92608,91937
39,159,63089,65110,66898
39,161,28919,28776,28769
39,163,12804,12707,12565
39,165,243201,246822,249778
39,167,59644,59459,58901
39,169,116906,116129,116559
39,171,37077,36743,36652
39,173,132248,130331,131592
39,175,21861,21704,21567
40,000,3964912,3991225,4019800
40,001,19451,19479,19576
40,003,5708,5681,5637
40,005,14154,14252,14262
40,007,5029,4999,5016
40,009,22342,22044,22009
40,011,8702,8523,8409
40,013,46327,47187,48182
40,015,26900,26441,26198
40,017,155425,161981,169149
40,019,48036,48324,48510
40,021,47090,47631,48098
40,023,14201,14314,14358
40,025,2290,2255,2252
40,027,296207,298099,299587
40,029,5284,5319,5313
40,031,121125,122438,123046
40,033,5535,5467,5477
40,035,14136,14176,14123
40,037,71837,72186,72699
40,039,28444,28132,27886
40,041,40385,40927,41413
40,043,4474,4415,4401
40,045,3739,3731,3657
40,047,62692,61947,61920
40,049,25645,25738,25713
40,051,54873,55608,56658
40,053,4174,4153,4124
40,055,5493,5483,5547
40,057,2473,2413,2428
40,059,3248,3172,3129
40,061,11552,11601,11641
40,063,13348,13394,13407
40,065,24736,24720,24556
40,067,5325,5396,5389
40,069,10241,10357,10406
40,071,43609,43724,43668
40,073,15174,15253,15293
40,075,8493,8358,8345
40,077,9481,9482,9630
40,079,48195,48601,48907
40,081,33495,33856,34188
40,083,49743,50924,51933
40,085,10159,10244,10218
40,087,41911,43497,45306
40,089,30838,30884,30931
40,091,18950,19262,19451
40,093,7746,7617,7502
40,095,15340,15546,15882
40,097,39053,39246,39589
40,099,13877,13712,13672
40,101,66241,66255,66354
40,103,10922,10942,10896
40,105,9322,9387,9483
40,107,11271,11196,11134
40,109,798200,799622,802559
40,111,36686,36827,36990
40,113,45778,45868,45839
40,115,30229,30400,30338
40,117,15552,15761,15757
40,119,81645,82149,82794
40,121,43784,43695,43613
40,123,38087,38195,38141
40,125,72542,73092,73533
40,127,10796,10789,10769
40,129,3428,3361,3320
40,131,95387,96796,98836
40,133,23515,23498,23351
40,135,39246,39442,39667
40,137,42814,43174,43710
40,139,21291,20822,20495
40,141,6948,7039,6977
40,143,670653,673961,677358
40,145,81379,84198,86644
40,147,52604,52857,53242
40,149,10903,10881,10732
40,151,8598,8613,8587
40,153,20406,20216,19990
41,000,4244795,4256301,4240137
41,001,16725,16873,16938
41,003,95208,96277,97630
41,005,422444,423763,423177
41,007,41160,41916,41695
41,009,52730,53229,53588
41,011,64971,65119,64990
41,013,24923,25753,26375
41,015,23516,23720,23598
41,017,199454,205358,206549
41,019,111288,112057,112297
41,021,2017,2015,2018
41,023,7241,7288,7218
41,025,7502,7590,7515
41,027,23958,24094,24048
41,029,223614,224327,221644
41,031,24577,25122,25330
41,033,88235,88590,87730
41,035,69547,70255,70212
41,037,8167,8285,8385
41,039,383279,384063,382353
41,041,50507,51026,50813
41,043,128978,129948,130467
41,045,31650,31709,31879
41,047,346339,347775,346703
41,049,12220,12358,12300
41,051,816467,805593,795083
41,053,87950,89384,89614
41,055,1873,1912,1955
41,057,27466,27800,27574
41,059,80098,80154,80215
41,061,26167,26276,26177
41,063,7401,7554,7659
41,065,26631,26735,26561
41,067,601101,602494,600176
41,069,1460,1453,1445
41,071,107931,108436,108226
42,000,12994440,13012059,12972008
42,001,103779,105632,106027
42,003,1249524,1245445,1233253
42,005,65459,65138,64747
42,007,167860,166914,165677
42,009,47569,47495,47418
42,011,428631,429612,430449
42,013,122651,122181,121032
42,015,59969,60099,59866
42,017,646112,647159,645054
42,019,194056,196789,197300
42,021,133199,132281,131441
42,023,4531,4461,4418
42,025,64744,65460,65460
42,027,157962,157990,158425
42,029,534783,540864,545823
42,031,37193,37581,37346
42,033,80438,78333,77904
42,035,37380,38035,37931
42,037,64682,64980,64926
42,039,83797,83202,82670
42,041,260223,265593,268579
42,043,286685,288187,288800
42,045,576323,576772,575182
42,047,30926,30771,30477
42,049,270539,269300,267689
42,051,128569,127113,125755
42,053,6959,6896,6626
42,055,155939,156589,156902
42,057,14572,14509,14533
42,059,35859,35269,34663
42,061,44047,43937,43281
42,063,83142,83158,82957
42,065,44478,44142,43794
42,067,23471,23348,23339
42,069,215523,215957,215615
42,071,552761,556049,556629
42,073,85959,85554,84849
42,075,143282,143809,144011
42,077,374477,375760,376317
42,079,325197,325889,326369
42,081,114108,113595,113104
42,083,40392,40292,39866
42,085,110534,109950,109220
42,087,46144,46187,45988
42,089,168316,168629,167198
42,091,856938,864022,864683
42,093,18129,18103,18091
42,095,312774,318051,318526
42,097,91542,91013,90133
42,099,45828,45941,46114
42,101,1600600,1589480,1567258
42,103,58560,59965,60558
42,105,16385,16287,16220
42,107,142946,143201,143104
42,109,39727,39742,39652
42,111,74016,72999,72710
42,113,5823,5859,5855
42,115,38334,38363,38074
42,117,41014,41335,41106
42,119,42639,42419,42744
42,121,50354,50038,49777
42,123,38516,38115,37808
42,125,209382,210012,210383
42,127,51151,51195,51173
42,129,354316,353765,352057
42,131,26030,26100,26014
42,133,456692,459148,461058
44,000,1096345,1096985,1093734
44,001,50774,50800,50360
44,003,170386,170997,171275
44,005,85508,85662,84481
44,007,659920,658646,657288
44,009,129757,130880,130330
45,000,5131848,5193266,5282634
45,001,24256,24258,24356
45,003,169163,171263,174150
45,005,7992,7870,7579
45,007,204176,206852,209581
45,009,13261,13112,12908
45,011,20580,20580,20414
45,013,187819,192007,196371
45,015,231538,236871,245117
45,017,14113,14134,14179
45,019,409716,414403,419279
45,021,56207,56025,56121
45,023,32278,32097,31931
45,025,43250,43337,43683
45,027,30835,30950,30913
45,029,38536,38427,38599
45,031,62843,62708,62398
45,033,28275,27981,27738
45,035,162159,163508,166133
45,037,25672,26285,26932
45,039,20880,20698,20455
45,041,136811,136439,136721
45,043,63506,63991,64722
45,045,527207,534521,547950
45,047,69388,69148,69267
45,049,18519,18236,18113
45,051,353745,366011,383101
45,053,29143,30456,32039
45,055,65581,66121,67751
45,057,96576,100522,104577
45,059,67624,67817,67965
45,061,16533,16266,16153
45,063,295033,300482,304797
45,065,9505,9782,9764
45,067,29083,28839,28450
45,069,26481,26265,26039
45,071,37731,37957,38247
45,073,78778,79322,80180
45,075,83956,82798,83094
45,077,131669,132079,133462
45,079,415645,417132,421566
45,081,18830,18821,18938
45,083,329365,335406,345831
45,085,105474,104856,104012
45,087,27176,26994,26752
45,089,30908,30384,30058
45,091,284032,289255,294248
46,000,887799,896164,909824
46,003,2733,2732,2755
46,005,19165,19182,19376
46,007,3389,3400,3336
46,009,6973,7011,7062
46,011,34350,34710,35484
46,013,38222,38090,37972
46,015,5253,5254,5321
46,017,1938,1912,1861
46,019,10286,10530,10774
46,021,1377,1375,1349
46,023,9356,9186,9213
46,025,3855,3867,3912
46,027,14996,15155,15280
46,029,28350,28467,28721
46,031,3891,3843,3826
46,033,8334,8635,9006
46,035,19962,19926,19973
46,037,5442,5435,5479
46,039,4294,4280,4352
46,041,5224,5218,5140
46,043,2829,2809,2776
46,045,3982,4028,4065
46,047,6972,7189,7370
46,049,2128,2126,2126
46,051,7532,7532,7463
46,053,3997,3952,3962
46,055,1870,1834,1826
46,057,6157,6263,6352
46,059,3145,3095,3140
46,061,3465,3496,3461
46,063,1307,1320,1330
46,065,17745,17768,17692
46,067,7421,7400,7368
46,069,1249,1215,1184
46,071,2801,2846,2821
46,073,1648,1640,1650
46,075,925,884,884
46,077,5203,5201,5294
46,079,11008,10863,10972
46,081,25838,26138,27214
46,083,65650,67995,70987
46,085,3709,3753,3692
46,087,5673,5723,5778
46,089,2402,2414,2395
46,091,4315,4319,4374
46,093,29900,30270,30698
46,095,1921,1908,1892
46,097,2310,2329,2304
46,099,197686,199925,203971
46,101,6343,6314,6349
46,102,13645,13549,13519
46,103,109563,111854,114461
46,105,2842,2823,2804
46,107,2480,2471,2438
46,109,10250,10178,10163
46,111,2325,2383,2415
46,115,6347,6273,6235
46,117,2969,3017,2999
46,119,1452,1471,1471
46,121,9317,9292,9220
46,123,5603,5566,5565
46,125,8672,8682,8856
46,127,16853,16868,17063
46,129,5286,5246,5265
46,135,23282,23334,23373
46,137,2392,2400,2395
47,000,6925619,6968351,7051339
47,001,77302,77567,78913
47,003,50381,51157,51950
47,005,15850,15839,16002
47,007,14954,14844,14798
47,009,135649,137649,139958
47,011,108820,109769,110616
47,013,39301,39409,39584
47,015,14568,14535,14788
47,017,28421,28287,28458
47,019,56362,56060,56410
47,021,41128,41547,41830
47,023,17377,17479,17609
47,025,32066,32146,32431
47,027,7588,7572,7620
47,029,36039,36370,36879
47,031,58134,58933,59728
47,033,13903,13993,13888
47,035,61377,62431,63522
47,037,716058,703372,708144
47,039,11437,11413,11564
47,041,20187,20478,21003
47,043,54442,55174,55761
47,045,36709,36586,36410
47,047,42151,42899,43630
47,049,18533,18837,19332
47,051,42839,43247,43942
47,053,50436,50537,50837
47,055,30340,30403,30554
47,057,23563,23833,24277
47,059,70333,70603,71405
47,061,13539,13586,13783
47,063,64537,64390,65168
47,065,367242,369027,374682
47,067,6625,6777,6845
47,069,25432,25276,25529
47,071,26805,26878,27077
47,073,56710,57257,58043
47,075,17824,17715,17550
47,077,27827,27916,27929
47,079,32144,32250,32379
47,081,24969,25085,25455
47,083,8303,8282,8219
47,085,19001,19200,19106
47,087,11634,11777,11989
47,089,54908,55562,56727
47,091,17990,18056,18086
47,093,480500,486812,494574
47,095,6988,6597,6507
47,097,25120,24922,24793
47,099,44182,44729,45415
47,101,12602,12854,12957
47,103,35335,35451,36004
47,105,55127,56672,58181
47,107,53344,53907,54719
47,109,25858,25854,25988
47,111,25263,25682,26229
47,113,98833,98585,99245
47,115,28865,28927,29094
47,117,34466,35032,35878
47,119,101824,105003,108159
47,121,12807,13029,13272
47,123,46395,46668,47740
47,125,221265,227841,235201
47,127,6471,6652,6742
47,129,21038,21101,21224
47,131,30767,30498,30394
47,133,22592,22856,23044
47,135,8379,8473,8685
47,137,5002,5082,5107
47,139,17568,17784,17863
47,141,80052,81255,82382
47,143,32934,33205,33730
47,145,53510,54056,55082
47,147,72945,74088,75470
47,149,343266,351202,360619
47,151,21878,21895,22035
47,153,15850,16445,16909
47,155,98562,99435,98789
47,157,929388,923352,916371
47,159,19970,20181,20489
47,161,13711,13830,14035
47,163,158237,159167,160820
47,165,197396,200582,203858
47,167,61041,61049,61656
47,169,11638,11619,12111
47,171,17883,17667,17674
47,173,19841,19996,20452
47,175,6174,6277,6429
47,177,41054,41529,42026
47,179,133213,133525,136172
47,181,16222,16336,16308
47,183,32899,32870,33063
47,185,27443,27557,28064
47,187,249538,256209,260815
47,189,148645,152010,158555
48,000,29232474,29558864,30029572
48,001,57926,58233,58064
48,003,18617,18411,18334
48,005,86376,86654,87101
48,007,23932,24519,24944
48,009,8554,8684,8835
48,011,1849,1838,1850
48,013,49134,49886,50864
48,015,30131,30421,31097
48,017,6868,6803,6779
48,019,20992,21551,22115
48,021,98046,102166,106188
48,023,3461,3456,3466
48,025,31049,30828,30394
48,027,372229,380241,388386
48,029,2015369,2030895,2059530
48,031,11450,11890,12418
48,033,641,621,585
48,035,18245,18495,18697
48,037,92924,92291,92035
48,039,373481,378858,388181
48,041,234486,237583,242014
48,043,9553,9459,9343
48,045,1419,1400,1431
48,047,7057,6994,6906
48,049,38048,38142,38373
48,051,17680,18110,18657
48,053,49473,51080,52502
48,055,45949,46904,47848
48,057,20063,19798,19706
48,059,13744,14078,14210
48,061,421445,423124,425208
48,063,12427,12594,12716
48,065,5791,5708,5784
48,067,28436,28557,28539
48,069,7336,7362,7298
48,071,47025,48721,51288
48,073,50488,51163,51645
48,075,6662,6781,6809
48,077,10250,10315,10486
48,079,2557,2491,2526
48,081,3295,3313,3333
48,083,7686,7736,7850
48,085,1075654,1114450,1158696
48,087,2638,2603,2568
48,089,20558,20592,20754
48,091,163640,174891,184642
48,093,13628,13804,13878
48,095,3303,3336,3340
48,097,41744,42408,43050
48,099,83146,84406,85057
48,101,1364,1357,1307
48,103,4673,4639,4546
48,105,3094,3015,2943
48,107,5093,5085,4998
48,109,2185,2182,2155
48,111,7126,7188,7241
48,113,2609966,2587954,2600840
48,115,12473,12412,12130
48,117,18526,18345,18377
48,119,5222,5337,5406
48,121,914324,943857,977281
48,123,19835,19949,19772
48,125,1758,1734,1726
48,127,8577,8479,8387
48,129,3279,3364,3339
48,131,9807,10003,9888
48,133,17775,17834,17944
48,135,165485,160764,160869
48,137,1424,1431,1422
48,139,194295,203107,212182
48,141,866547,868086,868763
48,143,42716,43389,43895
48,145,16954,17099,17049
48,147,35798,36716,37125
48,149,24471,24669,24913
48,151,3676,3678,3622
48,153,5368,5299,5235
48,155,1085,1052,1057
48,157,829036,860124,889146
48,159,10371,10472,10618
48,161,19445,19784,19950
48,163,18409,17548,17815
48,165,21699,21881,22181
48,167,351559,355309,357117
48,169,5817,6269,6262
48,171,26742,27282,27477
48,173,1117,1142,1164
48,175,7021,7146,7131
48,177,19679,19655,19832
48,179,21198,21085,21015
48,181,136100,139561,143131
48,183,124241,124052,125443
48,185,29430,30106,30754
48,187,173686,177254,182760
48,189,32465,32234,31827
48,191,2797,2845,2810
48,193,8247,8238,8298
48,195,5260,5138,5151
48,197,3559,3544,3516
48,199,56344,57044,57811
48,201,4734505,4735287,4780913
48,203,68798,69454,69955
48,205,5349,5389,5208
48,207,5432,5392,5403
48,209,243967,256065,269225
48,211,3363,3315,3217
48,213,82394,83590,84511
48,215,872806,880633,888367
48,217,35962,36430,37329
48,219,21503,21256,21161
48,221,62054,64263,66373
48,223,36824,37237,37804
48,225,22055,21958,21950
48,227,34812,34336,33672
48,229,3203,3289,3432
48,231,100257,103458,108282
48,233,20568,20411,20215
48,235,1511,1531,1530
48,237,8486,8718,8922
48,239,14992,15097,15142
48,241,32921,32570,32484
48,243,1986,1959,1903
48,245,256118,253531,250830
48,247,4846,4797,4763
48,249,38877,38923,38826
48,251,180945,187442,195506
48,253,19678,19809,19935
48,255,14763,14714,14836
48,257,147126,158216,172366
48,259,44547,46851,48973
48,261,351,342,358
48,263,761,746,740
48,265,52691,53136,53741
48,267,4291,4350,4422
48,269,266,256,233
48,271,3124,3117,3128
48,273,30977,30642,30362
48,275,3346,3307,3273
48,277,50126,50305,50484
48,279,13005,12886,12724
48,281,21707,22213,22785
48,283,6664,6716,6604
48,285,20348,20490,20589
48,287,17502,17671,17954
48,289,15731,15985,16209
48,291,92465,97382,101992
48,293,22139,22125,22253
48,295,3036,2907,2854
48,297,11349,11383,11428
48,299,21285,22013,22540
48,301,65,57,51
48,303,311564,314597,317561
48,305,5610,5652,5724
48,307,7591,7532,7497
48,309,261177,263714,266836
48,311,598,597,576
48,313,13464,13498,13661
48,315,9751,9618,9560
48,317,5252,5208,5217
48,319,3968,3929,3982
48,321,36280,36366,36125
48,323,57873,57841,57843
48,325,50939,52322,53723
48,327,1961,1964,1968
48,329,170348,168206,171999
48,331,24775,25189,25628
48,333,4447,4497,4500
48,335,9014,9050,8943
48,337,19994,20430,21063
48,339,625243,650261,678490
48,341,21264,21122,20996
48,343,11972,12009,12083
48,345,1063,1065,1032
48,347,64619,64699,64862
48,349,52828,53616,54636
48,351,12157,12202,12052
48,353,14723,14600,14473
48,355,353376,353230,351674
48,357,9954,9763,9606
48,359,1764,1730,1752
48,361,84747,84641,84934
48,363,28445,28676,29239
48,365,22492,22538,22677
48,367,149547,156966,165834
48,369,9854,9779,9620
48,371,15185,15126,14735
48,373,50494,51816,53255
48,375,118272,116538,115645
48,377,6109,6115,5939
48,379,12178,12449,12823
48,381,141342,144039,146140
48,383,3378,3228,3135
48,385,2743,2806,2840
48,387,11560,11547,11542
48,389,14763,13002,12905
48,391,6742,6700,6632
48,393,822,798,803
48,395,16771,16948,17153
48,397,109136,116549,123208
48,399,9919,9886,9859
48,401,52257,53071,53333
48,403,9888,9989,10048
48,405,7923,7900,7857
48,407,27531,27829,28348
48,409,68838,69701,69954
48,411,5722,5824,5824
48,413,2445,2443,2357
48,415,16937,16830,16686
48,417,3105,3177,3186
48,419,23927,23962,24008
48,421,2787,2791,2799
48,423,234195,237114,241922
48,425,9204,9472,9757
48,427,65861,65972,65728
48,429,9098,9434,9390
48,431,1381,1382,1417
48,433,1245,1208,1182
48,435,3355,3284,3217
48,437,6946,6996,6881
48,439,2115682,2129402,2154595
48,441,143444,143942,145163
48,443,750,720,693
48,445,11794,11721,11567
48,447,1453,1508,1550
48,449,31292,31266,31208
48,451,120194,119250,118892
48,453,1296515,1308544,1326436
48,455,13632,13809,13996
48,457,19811,19892,20030
48,459,41038,41811,42488
48,461,3301,3241,3152
48,463,24559,24810,24940
48,465,47605,47589,47606
48,467,59749,61200,62859
48,469,91303,90897,91065
48,471,76544,78322,78870
48,473,57304,59474,61894
48,475,11680,11111,10964
48,477,35805,35898,36159
48,479,267345,267633,267780
48,481,41564,41697,41824
48,483,4976,4905,4807
48,485,129617,130006,129978
48,487,12844,12688,12491
48,489,20150,20290,20143
48,491,615517,644451,671418
48,493,50051,51281,52735
48,495,7750,7373,7306
48,497,68943,71888,74895
48,499,45041,46031,46857
48,501,7675,7559,7451
48,503,17847,17911,17962
48,505,13874,13893,13849
48,507,9662,9487,9377
49,000,3283785,3339113,3380800
49,001,7087,7203,7327
49,003,57946,59693,61498
49,005,133624,137429,140173
49,007,20488,20361,20571
49,009,952,977,1014
49,011,363745,367446,369948
49,013,19617,19806,20161
49,015,9842,9963,10099
49,017,5107,5149,5281
49,019,9677,9665,9769
49,021,57708,60522,62429
49,023,11818,12192,12567
49,025,7688,7999,8227
49,027,13049,13175,13330
49,029,12381,12667,12832
49,031,1433,1482,1487
49,033,2500,2581,2628
49,035,1186921,1186440,1186257
49,037,14517,14476,14359
49,039,28521,29138,29724
49,041,21561,21918,22069
49,043,42482,43168,43036
49,045,73338,76734,79934
49,047,35671,36232,37141
49,049,663559,685806,702434
49,051,35063,36260,36619
49,053,182009,191476,197680
49,055,2508,2567,2645
49,057,262973,266588,269561
50,000,642893,646972,647064
50,001,37343,37444,37578
50,003,37300,37424,37392
50,005,30183,30423,30579
50,007,168386,169271,169301
50,009,5918,5965,5994
50,011,50040,50433,50731
50,013,7276,7418,7489
50,015,25917,26147,26090
50,017,29299,29625,29846
50,019,27404,27601,27666
50,021,60477,60720,60366
50,023,59756,60023,60048
50,025,45850,46128,45842
50,027,57744,58350,58142
51,000,8636471,8657365,8683619
51,001,33388,33364,33191
51,003,112502,113742,114534
51,005,15186,15024,14835
51,007,13268,13337,13455
51,009,31309,31391,31589
51,011,16154,16398,16748
51,013,238799,233574,234000
51,015,77567,77778,78064
51,017,4186,4087,4049
51,019,79553,80287,80848
51,021,6257,6179,6148
51,023,33637,33977,34135
51,025,15824,15979,15921
51,027,20249,19861,19352
51,029,16826,16940,16982
51,031,55625,55375,55141
51,033,30924,31402,31957
51,035,29142,29071,29147
51,036,6744,6631,6605
51,037,11541,11522,11475
51,041,365776,371276,378408
51,043,14813,14916,15266
51,045,4878,4876,4847
51,047,52766,53785,54381
51,049,9666,9696,9746
51,051,14074,13852,13725
51,053,27888,27999,28161
51,057,10595,10552,10630
51,059,1148558,1141645,1138331
51,061,72990,74022,74664
51,063,15469,15509,15619
51,065,27285,27797,28159
51,067,54486,55010,55074
51,069,91865,94014,95051
51,071,16785,16584,16453
51,073,38718,39131,39493
51,075,24853,25499,26109
51,077,15278,15330,15343
51,079,20606,21028,21107
51,081,11382,11412,11226
51,083,33920,33758,33644
51,085,110195,111821,112938
51,087,334344,333867,333962
51,089,50846,50296,49906
51,091,2241,2241,2301
51,093,38702,39393,40151
51,095,78478,79914,81199
51,097,6588,6668,6718
51,099,26822,27522,27856
51,101,17916,18205,18492
51,103,10897,10896,10750
51,105,22107,22061,21982
51,107,422669,428435,432085
51,109,37798,39032,40116
51,111,11947,11997,12031
51,113,13860,13950,14000
51,115,8520,8545,8490
51,117,30278,30300,30508
51,119,10616,10772,10943
51,121,99561,98835,98915
51,125,14737,14800,14652
51,127,23119,23979,24986
51,131,12208,12039,11900
51,133,11838,12046,12302
51,135,15639,15584,15559
51,137,36391,37189,37991
51,139,23687,23801,23750
51,141,17583,17668,17643
51,143,60365,60090,59952
51,145,30438,31172,31489
51,147,21898,21957,21927
51,149,43045,42998,43134
51,153,482790,485205,486943
51,155,33804,33808,33706
51,157,7321,7437,7502
51,159,8919,9049,9080
51,161,96922,96751,96914
51,163,22645,22639,22593
51,165,83765,84470,85397
51,167,25756,25577,25448
51,169,21585,21482,21476
51,171,44263,44829,44968
51,173,29782,29600,29449
51,175,17952,18037,17932
51,177,140594,143957,146688
51,179,157746,161584,163380
51,181,6551,6524,6527
51,183,10789,10812,10680
51,185,40405,40057,39821
51,187,40786,40957,41440
51,191,53889,53793,53958
51,193,18508,18732,18712
51,195,36061,35707,35421
51,197,28312,28200,28111
51,199,70228,71176,71341
51,510,159125,155203,155525
51,520,17295,17095,16975
51,530,6621,6615,6591
51,540,46465,45730,45373
51,550,249803,251739,252488
51,570,18187,18218,18294
51,580,5742,5731,5679
51,590,42577,42376,42229
51,595,5709,5622,5481
51,600,24175,24391,24835
51,610,14677,14546,14586
51,620,8149,8128,8247
51,630,27995,28458,28757
51,640,6714,6659,6730
51,650,137276,137847,138037
51,660,51706,51526,51158
51,670,23010,23145,22962
51,678,7321,7433,7457
51,680,78973,79118,79287
51,683,42692,42765,42642
51,685,17161,17082,16703
51,690,13479,13549,13725
51,700,186033,184764,184306
51,710,237738,235025,232995
51,720,3680,3631,3609
51,730,33388,33367,33394
51,735,12472,12609,12582
51,740,97954,97638,97029
51,750,16119,16542,16738
51,760,227008,227602,229395
51,770,99883,98744,97847
51,775,25399,25354,25523
51,790,25811,25653,25904
51,800,94697,96328,98537
51,810,459646,458680,455618
51,820,22276,22596,22808
51,830,15468,15675,15909
51,840,28009,28115,27936
53,000,7724031,7740745,7785786
53,001,20608,20640,20961
53,003,22325,22468,22508
53,005,207413,210585,212791
53,007,79228,79775,79926
53,009,77357,78442,77805
53,011,505301,512588,516779
53,013,3949,4015,4026
53,015,111019,111648,111956
53,017,43031,43838,44192
53,019,7196,7267,7448
53,021,97143,98126,98678
53,023,2298,2354,2363
53,025,99427,100440,101311
53,027,75855,76787,77038
53,029,86990,87557,86625
53,031,33063,33561,33589
53,033,2274094,2253038,2266789
53,035,275802,276591,277673
53,037,44626,44688,45189
53,039,22816,23178,23271
53,041,82556,84575,85370
53,043,10927,11277,11601
53,045,66029,67229,68166
53,047,42146,42741,43127
53,049,23491,23971,24113
53,051,13506,13906,14179
53,053,923524,927199,927380
53,055,17827,18615,18662
53,057,129884,130933,131179
53,059,12033,12207,12460
53,061,829869,836037,840079
53,063,541125,545498,549690
53,065,46587,47553,48229
53,067,295988,298078,298758
53,069,4443,4579,4688
53,071,62619,62158,61890
53,073,227430,226718,230677
53,075,47804,43238,47619
53,077,256702,256647,257001
54,000,1791420,1785526,1775156
54,001,15463,15445,15414
54,003,122691,126194,129490
54,005,21739,21367,20968
54,007,12397,12293,12185
54,009,22472,22109,21733
54,011,94234,93494,92730
54,013,6199,6165,6068
54,015,8007,7895,7814
54,017,7787,7739,7698
54,019,40425,40083,39487
54,021,7397,7389,7325
54,023,10988,11009,10968
54,025,32895,32698,32435
54,027,23097,23374,23468
54,029,29037,28591,28172
54,031,14241,14155,14192
54,033,65839,65436,64915
54,035,27720,27761,27716
54,037,57783,58520,58979
54,039,180217,177993,175515
54,041,17016,16897,16767
54,043,20363,20191,19901
54,045,32510,31917,31316
54,047,18921,18413,17850
54,049,56230,56117,55952
54,051,30497,30208,29752
54,053,25398,25290,25000
54,055,59517,59215,58700
54,057,26890,26866,26855
54,059,23487,23094,22573
54,061,105905,106487,106869
54,063,12380,12383,12296
54,065,17087,17280,17430
54,067,24554,24415,24335
54,069,42338,41878,41447
54,071,6132,6078,6011
54,073,7652,7612,7586
54,075,7864,7890,7819
54,077,34187,34270,34172
54,079,57432,57355,57015
54,081,74386,73801,72882
54,083,27892,27891,27600
54,085,8426,8388,8207
54,087,13986,13912,13834
54,089,11939,11892,11762
54,091,16684,16483,16342
54,093,6753,6675,6568
54,095,8296,8243,8183
54,097,23813,23820,23712
54,099,38864,38533,37998
54,101,8356,8286,8167
54,103,14392,14195,14025
54,105,5186,5059,5091
54,107,84142,83791,83340
54,109,21317,20991,20527
55,000,5896271,5880101,5892539
55,001,20675,20795,21226
55,003,16018,16054,16039
55,005,46714,46746,46843
55,007,16233,16304,16608
55,009,268921,268814,270036
55,011,13319,13312,13391
55,013,16579,16759,17036
55,015,52462,52587,52718
55,017,66337,66628,66807
55,019,34667,34722,34691
55,021,58516,58404,58193
55,023,16084,16082,16007
55,025,562577,561724,568203
55,027,89353,88657,88282
55,029,30120,30406,30526
55,031,44343,44026,44144
55,033,45441,44509,45651
55,035,105874,105988,106837
55,037,4560,4586,4688
55,039,104150,104166,103836
55,041,9165,9262,9381
55,043,51984,51285,51276
55,045,37036,37018,36816
55,047,19022,19249,19220
55,049,23709,23777,23865
55,051,6146,6193,6224
55,053,21096,20899,20836
55,055,86193,85796,85784
55,057,26780,26756,26866
55,059,169184,168465,167817
55,061,20550,20577,20623
55,063,120930,119367,120294
55,065,16613,16816,16877
55,067,19462,19505,19559
55,069,28429,28453,28376
55,071,81384,81479,81172
55,073,138047,137746,137958
55,075,41885,41849,41988
55,077,15594,15777,15779
55,078,4256,4292,4197
55,079,938527,924207,918661
55,081,46296,46246,46109
55,083,39080,39393,39633
55,085,37872,38282,38212
55,087,190961,191309,192127
55,089,91613,92551,93009
55,091,7347,7386,7410
55,093,42223,41606,42532
55,095,45032,45521,45709
55,097,70402,69429,70718
55,099,14032,14055,14179
55,101,197536,196439,195846
55,103,17272,17166,17090
55,105,163751,164192,164060
55,107,14179,14116,14186
55,109,93874,95055,96017
55,111,65793,65740,65777
55,113,18123,18247,18559
55,115,40873,40812,40886
55,117,118030,117697,117841
55,119,19937,19944,19975
55,121,30806,30730,30899
55,123,30698,30921,31060
55,125,23097,23522,23763
55,127,105308,105200,105380
55,129,16613,16760,16911
55,131,136784,137237,137688
55,133,407467,409080,410434
55,135,51791,51992,51488
55,137,24549,24797,24999
55,139,171800,170554,170718
55,141,74197,74085,73993
56,000,577605,579483,581381
56,001,37110,37860,38031
56,003,11481,11645,11855
56,005,47139,46533,47058
56,007,14504,14679,14542
56,009,13741,13678,13786
56,011,7186,7319,7448
56,013,39197,39422,39472
56,015,12514,12557,12562
56,017,4618,4574,4588
56,019,8467,8633,8730
56,021,100718,100794,100723
56,023,19657,20170,20660
56,025,80282,79660,79601
56,027,2452,2414,2380
56,029,29664,30142,30518
56,031,8632,8674,8645
56,033,31005,31667,32096
56,035,8738,8725,8763
56,037,42190,41582,41345
56,039,23377,23622,23287
56,041,20457,20655,20712
56,043,7658,7712,7719
56,045,6818,6766,6860
,,